name,address,description,website,category,profile_url
คลินิก บางบัวทอง - ภัทร บางบัวทองคลินิกเวชกรรม,ตำบลบางบัวทอง อำเภอบางบัวทอง จังหวัดนนทบุรี 11110,"ตรวจรักษาโรคทั่วไป หัตถการ พ่นยา ทำแผล สำหรับเด็ก ผู้ใหญ่ หญิงตั้งครรภ์ ผู้สูงอายุ

ตอบโจทย์การค้นหาคลินิกในบางบัวทองหรือใกล้เคียง ที่ “ภัทรบางบัวทองคลินิกเวชกรรม” มีแพทย์ พยาบาลวิชาชีพและผู้ช่วย ให้บริการรับตรวจคัดกรองโรคต่างๆ มีเครื่องมือทางการแพทย์ที่สามารถประเมินและให้การรักษา ให้ยา ให้แก่คนไข้เ",,คลินิก,https://www.yellowpages.co.th/profile/%E0%B8%84%E0%B8%A5%E0%B8%B4%E0%B8%99%E0%B8%B4%E0%B8%81-%E0%B8%9A%E0%B8%B2%E0%B8%87%E0%B8%9A%E0%B8%B1%E0%B8%A7%E0%B8%97%E0%B8%AD%E0%B8%87-%E0%B8%A0%E0%B8%B1%E0%B8%97%E0%B8%A3-%E0%B8%9A%E0%B8%B2%E0%B8%87%E0%B8%9A%E0%B8%B1%E0%B8%A7%E0%B8%97%E0%B8%AD%E0%B8%87%E0%B8%84%E0%B8%A5%E0%B8%B4%E0%B8%99%E0%B8%B4%E0%B8%81%E0%B9%80%E0%B8%A7%E0%B8%8A%E0%B8%81%E0%B8%A3%E0%B8%A3%E0%B8%A1-dUYMRGET2
คลินิกรักษาสัตว์ ยุทธชาติรักษ์สัตว์ พัทลุง,ตำบลคูหาสวรรค์ อำเภอเมืองพัทลุง จังหวัดพัทลุง 93000,"ยุทธชาติรักษาสัตว์คลินิกรักษาสัตว์เลี้ยง สัตว์ป่วย รักษา แมวป่วย หมาป่วย สุนัขป่วย

สัตว์เลี้ยงฟาร์มป่วย วัวชน โคชน ในจังหวัด พัทลุง

การรักษาทั่วไป ศัลยกรรมกระดูก ผ่าตัด ทำหมัน ทำแผล ฉีดยา x-ray, อัลตร้าซาวด์ (ultrasound) เครื่องดมยาสลบ รักษานิ่วในสัตว์ โรคพยาธิ โรคผิวหนัง สุนัข แมว และโรคอื่นๆ",https://yutthachatruksasat.yellowpages.co.th,โรงพยาบาลและคลินิกสัตวแพทย์,https://yutthachatruksasat.yellowpages.co.th
หมอรัก(ษ์)หมา,ตำบลนครสวรรค์ตก อำเภอเมืองนครสวรรค์ จังหวัดนครสวรรค์ 60000,"คลินิกรักษาสัตว์เลี้ยง



หากน้องหมาและแมว มีสัญญาณที่บอกว่าน้องหมา น้องแมวอาจป่วย ไม่สบาย หรือได้รับอุบัติเหตุ ถูกทำร้าย แนะนำให้พาไปโรงพยาบาลสัตว์หรือคลินิกรักษาสัตว์เลี้ยง เพื่อให้สัตวแพทย์ตรวจรักษาจะดีกว่า ที่คลินิกหมอรัก(ษ์)หมา ให้การรักษาหมา รักษาแมว ตรวจรักษาโรคทั่วไป ฉีดวัคซีน ตรวจเลือด",https://mohrakma.yellowpages.co.th,โรงพยาบาลและคลินิกสัตวแพทย์,https://mohrakma.yellowpages.co.th
พระยาสุเรนทร์คลินิกเวชกรรมสาขาแกรนด์ออคิด,แขวงบางชัน เขตคลองสามวา กรุงเทพมหานคร 10510,"พระยาสุเรนทร์คลินิกเวชกรรม สาขาแกรนด์ออคิด ให้บริการทางการแพทย์รักษาผู้ป่วยทั่วไปเฉพาะทางด้านสูตินรีเวช  รักษาเด็ก ที่ไม่สะดวกเดินทางไปตรวจรักษาที่โรงพยาบาล รับปรึกษาผู้มีบุตรยาก บริการรับฝากครรภ์คลินิกอายุรกรรม ให้บริการทางการแพทย์ ตรวจรักษาโรคทั่วไป
	
	
	บริการตรวจวินิจฉัย",,คลินิก,https://www.yellowpages.co.th/profile/%E0%B8%9E%E0%B8%A3%E0%B8%B0%E0%B8%A2%E0%B8%B2%E0%B8%AA%E0%B8%B8%E0%B9%80%E0%B8%A3%E0%B8%99%E0%B8%97%E0%B8%A3%E0%B9%8C%E0%B8%84%E0%B8%A5%E0%B8%B4%E0%B8%99%E0%B8%B4%E0%B8%81%E0%B9%80%E0%B8%A7%E0%B8%8A%E0%B8%81%E0%B8%A3%E0%B8%A3%E0%B8%A1%E0%B8%AA%E0%B8%B2%E0%B8%82%E0%B8%B2%E0%B9%81%E0%B8%81%E0%B8%A3%E0%B8%99%E0%B8%94%E0%B9%8C%E0%B8%AD%E0%B8%AD%E0%B8%84%E0%B8%B4%E0%B8%94-92rh8HDxP
โรงพยาบาล และคลินิกสัตว์ สระบุรี,ตำบลปากเพรียว อำเภอเมืองสระบุรี จังหวัดสระบุรี 18000,"โรงพยาบาลสัตว์เมืองเพรียว สระบุรี 

ดูแลรักษาโดยสัตวแพทย์ ให้บริการตรวจรักษา โรคในสัตว์เลี้ยง รักษาสัตว์ทั่วไป แมว สุนัข นก เต่า กระต่าย กระรอก หมู ศัลยกรรมทั่วไป X-ray ฉายแสงวินิจฉัยโรค ศัลยกรรมกระดูก ผ่าตัด รักษา กระดูก เข้าเฝือก รักษา การบาดเจ็บจากอุบัติเหตุ ถูกทำร้าย",,โรงพยาบาลและคลินิกสัตวแพทย์,https://www.yellowpages.co.th/profile/%E0%B9%82%E0%B8%A3%E0%B8%87%E0%B8%9E%E0%B8%A2%E0%B8%B2%E0%B8%9A%E0%B8%B2%E0%B8%A5-%E0%B9%81%E0%B8%A5%E0%B8%B0%E0%B8%84%E0%B8%A5%E0%B8%B4%E0%B8%99%E0%B8%B4%E0%B8%81%E0%B8%AA%E0%B8%B1%E0%B8%95%E0%B8%A7%E0%B9%8C-%E0%B8%AA%E0%B8%A3%E0%B8%B0%E0%B8%9A%E0%B8%B8%E0%B8%A3%E0%B8%B5-92BTnwgyV
พงศ์ดนัยคลินิกกระดูกและข้อ โคราช นครราชสีมา,ตำบลในเมือง อำเภอเมืองนครราชสีมา จังหวัดนครราชสีมา 30000,"สอบถาม-นัดหมาย พงศ์ดนัยคลินิกกระดูกและข้อ โทร : 0-4425-9598


4.",,คลินิก,https://www.yellowpages.co.th/profile/%E0%B8%9E%E0%B8%87%E0%B8%A8%E0%B9%8C%E0%B8%94%E0%B8%99%E0%B8%B1%E0%B8%A2%E0%B8%84%E0%B8%A5%E0%B8%B4%E0%B8%99%E0%B8%B4%E0%B8%81%E0%B8%81%E0%B8%A3%E0%B8%B0%E0%B8%94%E0%B8%B9%E0%B8%81%E0%B9%81%E0%B8%A5%E0%B8%B0%E0%B8%82%E0%B9%89%E0%B8%AD-%E0%B9%82%E0%B8%84%E0%B8%A3%E0%B8%B2%E0%B8%8A-%E0%B8%99%E0%B8%84%E0%B8%A3%E0%B8%A3%E0%B8%B2%E0%B8%8A%E0%B8%AA%E0%B8%B5%E0%B8%A1%E0%B8%B2-92H3ziy6z
คมวิชช์ศัลยกรรมตกแต่ง,แขวงอรุณอมรินทร์ เขตบางกอกน้อย กรุงเทพมหานคร 10700,แพทย์ประจำคลินิกศัลยกรรมตกแต่ง โรงพยาบาลบำรุงราษฎร์ OPD Tel: 0-2667-1521 Appointments (นัดแพทย์) Tel: 0-2667-1555 Emergency (ฉุกเฉิน) Tel: 0-2667-2999 สมาชิกสมาคมแพทย์ตกแต่งแห่งประเทศไทย สมาชิกสมาคมศัลยแพทย์ตกแต่งเสริมสวยแห่งประเทศไทย เสริมจมูก เสริมคาง เสริมหน้าอก ทำตาสองชั้น แก้หนังตาหย่อน แก้ถุงใ,,คลินิก,https://www.yellowpages.co.th/profile/%E0%B8%84%E0%B8%A1%E0%B8%A7%E0%B8%B4%E0%B8%8A%E0%B8%8A%E0%B9%8C%E0%B8%A8%E0%B8%B1%E0%B8%A5%E0%B8%A2%E0%B8%81%E0%B8%A3%E0%B8%A3%E0%B8%A1%E0%B8%95%E0%B8%81%E0%B9%81%E0%B8%95%E0%B9%88%E0%B8%87-3IQOZexb1
พระยาสุเรนทร์คลินิกเวชกรรมสาขาแกรนด์ออคิด,แขวงบางชัน เขตคลองสามวา กรุงเทพมหานคร 10510,"พระยาสุเรนทร์คลินิกเวชกรรม สาขาแกรนด์ออคิด ให้บริการทางการแพทย์รักษาผู้ป่วยทั่วไปเฉพาะทางด้านสูตินรีเวช  รักษาเด็ก ที่ไม่สะดวกเดินทางไปตรวจรักษาที่โรงพยาบาล รับปรึกษาผู้มีบุตรยาก บริการรับฝากครรภ์คลินิกอายุรกรรม ให้บริการทางการแพทย์ ตรวจรักษาโรคทั่วไป
	
	
	บริการตรวจวินิจฉัย",,คลินิก,https://www.yellowpages.co.th/profile/%E0%B8%9E%E0%B8%A3%E0%B8%B0%E0%B8%A2%E0%B8%B2%E0%B8%AA%E0%B8%B8%E0%B9%80%E0%B8%A3%E0%B8%99%E0%B8%97%E0%B8%A3%E0%B9%8C%E0%B8%84%E0%B8%A5%E0%B8%B4%E0%B8%99%E0%B8%B4%E0%B8%81%E0%B9%80%E0%B8%A7%E0%B8%8A%E0%B8%81%E0%B8%A3%E0%B8%A3%E0%B8%A1%E0%B8%AA%E0%B8%B2%E0%B8%82%E0%B8%B2%E0%B9%81%E0%B8%81%E0%B8%A3%E0%B8%99%E0%B8%94%E0%B9%8C%E0%B8%AD%E0%B8%AD%E0%B8%84%E0%B8%B4%E0%B8%94-92rh8HDxQ
คลินิกศัลยกรรมตกแต่งเสริมสวย รังสิต,ตำบลประชาธิปัตย์ อำเภอธัญบุรี จังหวัดปทุมธานี 12130,"ศัลยกรรมตกแต่งเสริมสวย,คลินิกศัลยกรรมตกแต่งเสริมสวย, เสริมจมูก, ทำตาสองชั้น, แก้ถุงใต้ตา, แต่งริมฝีปาก, เสริมคาง, ผ่าตัดหน้าเรียว, ดึงหน้า, แก้หูกาง, ปลูกผม, ฉีด Filler/Botox, เสริมทรวงอก, ยกกระชับทรวงอก, ลดขนาดทรวงอก, ศัลยกรรมหน้าอกด้วยไขมัน, ผ่าตัดกำจัดกลิ่นตัว, ผ่าตัดกระชับหน้าท้อง, ดูดไขมัน, รีแ",,คลินิก,https://www.yellowpages.co.th/profile/%E0%B8%84%E0%B8%A5%E0%B8%B4%E0%B8%99%E0%B8%B4%E0%B8%81%E0%B8%A8%E0%B8%B1%E0%B8%A5%E0%B8%A2%E0%B8%81%E0%B8%A3%E0%B8%A3%E0%B8%A1%E0%B8%95%E0%B8%81%E0%B9%81%E0%B8%95%E0%B9%88%E0%B8%87%E0%B9%80%E0%B8%AA%E0%B8%A3%E0%B8%B4%E0%B8%A1%E0%B8%AA%E0%B8%A7%E0%B8%A2-%E0%B8%A3%E0%B8%B1%E0%B8%87%E0%B8%AA%E0%B8%B4%E0%B8%95-92qtUONWA
พระยาสุเรนทร์คลินิกเวชกรรมสาขาแกรนด์ออคิด,แขวงบางชัน เขตคลองสามวา กรุงเทพมหานคร 10510,"คลินิก. ลองสามวา
			22.คลินิก. รามอินทรา
		
		
			9.คลินิกฝากครรภ์ . คลองสามวา
			23.คลินิกรับฝากครรภ์ . รามอินทรา
		
		
			10. ฝากครรภ์ . คลองสามวา
			24. ฝากครรภ์ . รามอินทรา
		
		
			11. รับฝากครรภ์ . คลองสามวา
			25. รับฝากครรภ์ . รามอินทรา
		
		
			12. อัลตร้าซาวด์ .",,คลินิก,https://www.yellowpages.co.th/profile/%E0%B8%9E%E0%B8%A3%E0%B8%B0%E0%B8%A2%E0%B8%B2%E0%B8%AA%E0%B8%B8%E0%B9%80%E0%B8%A3%E0%B8%99%E0%B8%97%E0%B8%A3%E0%B9%8C%E0%B8%84%E0%B8%A5%E0%B8%B4%E0%B8%99%E0%B8%B4%E0%B8%81%E0%B9%80%E0%B8%A7%E0%B8%8A%E0%B8%81%E0%B8%A3%E0%B8%A3%E0%B8%A1%E0%B8%AA%E0%B8%B2%E0%B8%82%E0%B8%B2%E0%B9%81%E0%B8%81%E0%B8%A3%E0%B8%99%E0%B8%94%E0%B9%8C%E0%B8%AD%E0%B8%AD%E0%B8%84%E0%B8%B4%E0%B8%94-92rh9RwgZ
